engine,size,template,scheme,mode,query_id,repetition,time,status
fuseki,10M,C3,rdf,P,00,1,2440.716493934393,200
fuseki,10M,C3,rdf,P,00,2,2427.7852045651525,200
fuseki,10M,C3,rdf,P,00,3,2422.288410598412,200
fuseki,10M,C3,rdf,P,00,4,2422.3267363086343,200
fuseki,10M,C3,rdf,P,00,5,2425.395516583696,200
