engine,size,template,scheme,mode,query_id,repetition,time,status
fuseki,10M,S3,rdf,P,00,1,0.8769580256193876,200
fuseki,10M,S3,rdf,P,00,2,0.7736254073679447,200
fuseki,10M,S3,rdf,P,00,3,0.9323991872370243,200
fuseki,10M,S3,rdf,P,00,4,0.6623064521700144,200
fuseki,10M,S3,rdf,P,00,5,0.7071813233196735,200
