engine,size,template,scheme,mode,query_id,repetition,time,status
virtuoso,10M,S3,wikidata,P,00,1,0.04456215351819992,200
virtuoso,10M,S3,wikidata,P,00,2,0.04685153067111969,200
virtuoso,10M,S3,wikidata,P,00,3,0.04533295892179012,200
virtuoso,10M,S3,wikidata,P,00,4,0.046853164210915565,200
virtuoso,10M,S3,wikidata,P,00,5,0.04670059494674206,200
