engine,size,template,scheme,mode,query_id,repetition,time,status
fuseki,100M,S4,rdf,R,00,1,299.999895,000
fuseki,100M,S4,rdf,R,01,1,300.000191,000
fuseki,100M,S4,rdf,R,02,1,300.001081,000
fuseki,100M,S4,rdf,R,03,1,300.000549,000
fuseki,100M,S4,rdf,R,04,1,300.000231,000
fuseki,100M,S4,rdf,R,05,1,299.999615,000
fuseki,100M,S4,rdf,R,06,1,300.001257,000
fuseki,100M,S4,rdf,R,07,1,299.999880,000
fuseki,100M,S4,rdf,R,08,1,299.999936,000
fuseki,100M,S4,rdf,R,09,1,300.000711,000
