engine,size,template,scheme,mode,query_id,repetition,time,status
fuseki,100M,C1,wikidata,R,00,1,0.533895161934197,200
fuseki,100M,C1,wikidata,R,00,2,0.5066535631194711,200
fuseki,100M,C1,wikidata,R,00,3,0.5075032655149698,200
fuseki,100M,C1,wikidata,R,00,4,0.5151220243424177,200
fuseki,100M,C1,wikidata,R,00,5,0.5372002851217985,200
