engine,size,template,scheme,mode,query_id,repetition,time,status
fuseki,100M,L1,rdf,P,00,1,246.372767,200
fuseki,100M,L1,rdf,P,01,1,216.305961,200
fuseki,100M,L1,rdf,P,02,1,174.206525,200
fuseki,100M,L1,rdf,P,03,1,145.280463,200
fuseki,100M,L1,rdf,P,04,1,242.235254,200
fuseki,100M,L1,rdf,P,05,1,178.332453,200
fuseki,100M,L1,rdf,P,06,1,285.416664,200
fuseki,100M,L1,rdf,P,07,1,207.551900,200
fuseki,100M,L1,rdf,P,08,1,208.128114,200
fuseki,100M,L1,rdf,P,09,1,126.747635,200
