engine,size,template,scheme,mode,query_id,repetition,time,status
fuseki,100M,L3,rdf,R,00,1,278.162874,200
fuseki,100M,L3,rdf,R,01,1,279.205571,200
fuseki,100M,L3,rdf,R,02,1,277.772503,200
fuseki,100M,L3,rdf,R,03,1,276.873734,200
fuseki,100M,L3,rdf,R,04,1,278.115132,200
fuseki,100M,L3,rdf,R,05,1,280.969318,200
fuseki,100M,L3,rdf,R,06,1,275.966426,200
fuseki,100M,L3,rdf,R,07,1,276.036224,200
fuseki,100M,L3,rdf,R,08,1,276.197161,200
fuseki,100M,L3,rdf,R,09,1,283.642479,200
