engine,size,template,scheme,mode,query_id,repetition,time,status
fuseki,100M,F4,rdf,P,00,1,300.000749,100
fuseki,100M,F4,rdf,P,01,1,300.001132,100
fuseki,100M,F4,rdf,P,02,1,300.001261,100
fuseki,100M,F4,rdf,P,03,1,299.999724,100
fuseki,100M,F4,rdf,P,04,1,299.999858,100
fuseki,100M,F4,rdf,P,05,1,300.001340,100
fuseki,100M,F4,rdf,P,06,1,300.000398,100
fuseki,100M,F4,rdf,P,07,1,300.000395,100
fuseki,100M,F4,rdf,P,08,1,300.001396,100
fuseki,100M,F4,rdf,P,09,1,300.000901,100
