engine,size,template,scheme,mode,query_id,repetition,time,status
fuseki,100M,S1,rdf,R,00,1,285.751940,200
fuseki,100M,S1,rdf,R,01,1,300.001011,100
fuseki,100M,S1,rdf,R,02,1,300.000419,100
fuseki,100M,S1,rdf,R,03,1,300.001298,100
fuseki,100M,S1,rdf,R,04,1,300.000871,100
fuseki,100M,S1,rdf,R,05,1,300.000017,100
fuseki,100M,S1,rdf,R,06,1,300.000219,100
fuseki,100M,S1,rdf,R,07,1,300.000950,100
fuseki,100M,S1,rdf,R,08,1,300.000889,100
fuseki,100M,S1,rdf,R,09,1,299.999866,100
