engine,size,template,scheme,mode,query_id,repetition,time,status
fuseki,100M,F4,rdf,R,00,1,300.001478,100
fuseki,100M,F4,rdf,R,01,1,300.000685,100
fuseki,100M,F4,rdf,R,02,1,299.999900,100
fuseki,100M,F4,rdf,R,03,1,300.000316,100
fuseki,100M,F4,rdf,R,04,1,300.000771,100
fuseki,100M,F4,rdf,R,05,1,300.001198,100
fuseki,100M,F4,rdf,R,06,1,300.000232,100
fuseki,100M,F4,rdf,R,07,1,300.000060,100
fuseki,100M,F4,rdf,R,08,1,300.000991,100
fuseki,100M,F4,rdf,R,09,1,300.000987,100
