engine,size,template,scheme,mode,query_id,repetition,time,status
fuseki,100M,C3,wikidata,B,00,1,62.03597930900287,200
fuseki,100M,C3,wikidata,B,00,2,59.419849697034806,200
fuseki,100M,C3,wikidata,B,00,3,59.263727073033806,200
fuseki,100M,C3,wikidata,B,00,4,59.68727412400767,200
fuseki,100M,C3,wikidata,B,00,5,58.4900362759945,200
