engine,size,template,scheme,mode,query_id,repetition,time,status
fuseki,100M,S3,wikidata,R,00,1,0.2322104360209778,200
fuseki,100M,S3,wikidata,R,00,2,0.2584282099851407,200
fuseki,100M,S3,wikidata,R,00,3,0.23173729400150478,200
fuseki,100M,S3,wikidata,R,00,4,0.22233188798418269,200
fuseki,100M,S3,wikidata,R,00,5,0.2492403950309381,200
