engine,size,template,scheme,mode,query_id,repetition,time,status
fuseki,100M,C1,rdf,B,00,1,0.026542863808572292,200
fuseki,100M,C1,rdf,B,00,2,0.023734137415885925,200
fuseki,100M,C1,rdf,B,00,3,0.023603028617799282,200
fuseki,100M,C1,rdf,B,00,4,0.022841292433440685,200
fuseki,100M,C1,rdf,B,00,5,0.026973355561494827,200
