engine,size,template,scheme,mode,query_id,repetition,time,status
fuseki,100M,F3,rdf,R,00,1,300.000426,100
fuseki,100M,F3,rdf,R,01,1,300.000817,100
fuseki,100M,F3,rdf,R,02,1,300.001093,100
fuseki,100M,F3,rdf,R,03,1,299.999565,100
fuseki,100M,F3,rdf,R,04,1,299.999919,100
fuseki,100M,F3,rdf,R,05,1,300.001251,100
fuseki,100M,F3,rdf,R,06,1,300.001330,100
fuseki,100M,F3,rdf,R,07,1,299.999587,100
fuseki,100M,F3,rdf,R,08,1,300.001007,100
fuseki,100M,F3,rdf,R,09,1,300.001037,100
