engine,size,template,scheme,mode,query_id,repetition,time,status
fuseki,100M,C2,wikidata,P,00,1,5.340970751829445,200
fuseki,100M,C2,wikidata,P,00,2,5.3899071319028735,200
fuseki,100M,C2,wikidata,P,00,3,5.793538402765989,200
fuseki,100M,C2,wikidata,P,00,4,5.169159171171486,200
fuseki,100M,C2,wikidata,P,00,5,5.732022839598358,200
