engine,size,template,scheme,mode,query_id,repetition,time,status
fuseki,100M,L1,rdf,R,00,1,260.786733,200
fuseki,100M,L1,rdf,R,01,1,224.581760,200
fuseki,100M,L1,rdf,R,02,1,182.747729,200
fuseki,100M,L1,rdf,R,03,1,153.643581,200
fuseki,100M,L1,rdf,R,04,1,254.216146,200
fuseki,100M,L1,rdf,R,05,1,191.421261,200
fuseki,100M,L1,rdf,R,06,1,299.999728,000
fuseki,100M,L1,rdf,R,07,1,220.623883,200
fuseki,100M,L1,rdf,R,08,1,218.765672,200
fuseki,100M,L1,rdf,R,09,1,134.438026,200
