engine,size,template,scheme,mode,query_id,repetition,time,status
fuseki,100M,S7,rdf,R,00,1,300.001157,000
fuseki,100M,S7,rdf,R,01,1,300.001096,000
fuseki,100M,S7,rdf,R,02,1,290.147062,200
fuseki,100M,S7,rdf,R,03,1,282.325734,200
fuseki,100M,S7,rdf,R,04,1,290.277094,200
fuseki,100M,S7,rdf,R,05,1,299.999920,000
fuseki,100M,S7,rdf,R,06,1,293.164720,200
fuseki,100M,S7,rdf,R,07,1,299.981524,200
fuseki,100M,S7,rdf,R,08,1,299.021210,200
fuseki,100M,S7,rdf,R,09,1,292.868018,200
