engine,size,template,scheme,mode,query_id,repetition,time,status
fuseki,100M,S4,rdf,P,00,1,299.999787,100
fuseki,100M,S4,rdf,P,01,1,300.001302,100
fuseki,100M,S4,rdf,P,02,1,300.001197,100
fuseki,100M,S4,rdf,P,03,1,299.999627,100
fuseki,100M,S4,rdf,P,04,1,300.000302,100
fuseki,100M,S4,rdf,P,05,1,300.001119,100
fuseki,100M,S4,rdf,P,06,1,300.000618,100
fuseki,100M,S4,rdf,P,07,1,300.000274,100
fuseki,100M,S4,rdf,P,08,1,299.999903,100
fuseki,100M,S4,rdf,P,09,1,300.000230,100
