engine,size,template,scheme,mode,query_id,repetition,time,status
fuseki,100M,S3,rdf,B,00,1,0.16853193298447877,200
fuseki,100M,S3,rdf,B,00,2,0.15353737500845455,200
fuseki,100M,S3,rdf,B,00,3,0.14061157900141552,200
fuseki,100M,S3,rdf,B,00,4,0.14532819399028085,200
fuseki,100M,S3,rdf,B,00,5,0.14486786600900814,200
