engine,size,template,scheme,mode,query_id,repetition,time,status
fuseki,100M,S3,rdf,R,00,1,6.785987356037367,200
fuseki,100M,S3,rdf,R,00,2,7.425160823971964,200
fuseki,100M,S3,rdf,R,00,3,6.71766361000482,200
fuseki,100M,S3,rdf,R,00,4,6.808268904977012,200
fuseki,100M,S3,rdf,R,00,5,6.92594258999452,200
