engine,size,template,scheme,mode,query_id,repetition,time,status
fuseki,100M,L3,rdf,P,00,1,275.806446,200
fuseki,100M,L3,rdf,P,01,1,282.149395,200
fuseki,100M,L3,rdf,P,02,1,277.086936,200
fuseki,100M,L3,rdf,P,03,1,277.661269,200
fuseki,100M,L3,rdf,P,04,1,275.248760,200
fuseki,100M,L3,rdf,P,05,1,277.150331,200
fuseki,100M,L3,rdf,P,06,1,270.935556,200
fuseki,100M,L3,rdf,P,07,1,276.871034,200
fuseki,100M,L3,rdf,P,08,1,272.524253,200
fuseki,100M,L3,rdf,P,09,1,280.499666,200
