engine,size,template,scheme,mode,query_id,repetition,time,status
fuseki,100M,F3,rdf,P,00,1,300.000538,100
fuseki,100M,F3,rdf,P,01,1,300.001430,100
fuseki,100M,F3,rdf,P,02,1,300.000741,100
fuseki,100M,F3,rdf,P,03,1,300.000168,100
fuseki,100M,F3,rdf,P,04,1,300.000166,100
fuseki,100M,F3,rdf,P,05,1,300.001256,100
fuseki,100M,F3,rdf,P,06,1,300.001064,100
fuseki,100M,F3,rdf,P,07,1,300.000433,100
fuseki,100M,F3,rdf,P,08,1,299.999810,100
fuseki,100M,F3,rdf,P,09,1,300.000564,100
