engine,size,template,scheme,mode,query_id,repetition,time,status
fuseki,100M,S7,rdf,P,00,1,300.001122,100
fuseki,100M,S7,rdf,P,01,1,300.000020,100
fuseki,100M,S7,rdf,P,02,1,289.247153,200
fuseki,100M,S7,rdf,P,03,1,276.782005,200
fuseki,100M,S7,rdf,P,04,1,282.741981,200
fuseki,100M,S7,rdf,P,05,1,297.556679,200
fuseki,100M,S7,rdf,P,06,1,287.080180,200
fuseki,100M,S7,rdf,P,07,1,298.006713,200
fuseki,100M,S7,rdf,P,08,1,293.717703,200
fuseki,100M,S7,rdf,P,09,1,295.449584,200
