engine,size,template,scheme,mode,query_id,repetition,time,status
fuseki,100M,S1,rdf,P,00,1,281.333584,200
fuseki,100M,S1,rdf,P,01,1,300.000213,100
fuseki,100M,S1,rdf,P,02,1,300.000928,100
fuseki,100M,S1,rdf,P,03,1,300.000536,100
fuseki,100M,S1,rdf,P,04,1,299.999919,100
fuseki,100M,S1,rdf,P,05,1,299.999536,100
fuseki,100M,S1,rdf,P,06,1,300.000772,100
fuseki,100M,S1,rdf,P,07,1,300.000692,100
fuseki,100M,S1,rdf,P,08,1,299.999877,100
fuseki,100M,S1,rdf,P,09,1,300.001318,100
