engine,size,template,scheme,mode,query_id,repetition,time,status
fuseki,10M,S3,wikidata,R,00,1,0.06193443574011326,200
fuseki,10M,S3,wikidata,R,00,2,0.0970585998147726,200
fuseki,10M,S3,wikidata,R,00,3,0.04580710642039776,200
fuseki,10M,S3,wikidata,R,00,4,0.04499879293143749,200
fuseki,10M,S3,wikidata,R,00,5,0.044126320630311966,200
