engine,size,template,scheme,mode,query_id,repetition,time,status
fuseki,100M,C2,rdf,B,00,1,2.80026579182595,200
fuseki,100M,C2,rdf,B,00,2,2.71495960932225,200
fuseki,100M,C2,rdf,B,00,3,2.944308178499341,200
fuseki,100M,C2,rdf,B,00,4,2.4122089920565486,200
fuseki,100M,C2,rdf,B,00,5,2.559992336668074,200
