engine,size,template,scheme,mode,query_id,repetition,time,status
virtuoso,100M,C2,rdf,R,00,1,3.3984326673671603,200
virtuoso,100M,C2,rdf,R,00,2,3.3786007361486554,200
virtuoso,100M,C2,rdf,R,00,3,3.3689253283664584,200
virtuoso,100M,C2,rdf,R,00,4,3.3670436469838023,200
virtuoso,100M,C2,rdf,R,00,5,3.490615894086659,200
