engine,size,template,scheme,mode,query_id,repetition,time,status
virtuoso,10M,C3,rdf,P,00,1,36.94801969267428,200
virtuoso,10M,C3,rdf,P,00,2,36.375565987080336,200
virtuoso,10M,C3,rdf,P,00,3,36.29984302073717,200
virtuoso,10M,C3,rdf,P,00,4,36.36172150820494,200
virtuoso,10M,C3,rdf,P,00,5,36.29226206801832,200
