engine,size,template,scheme,mode,query_id,repetition,time,status
virtuoso,100M,C2,rdf,P,00,1,3.9952930826693773,200
virtuoso,100M,C2,rdf,P,00,2,4.184086528606713,200
virtuoso,100M,C2,rdf,P,00,3,4.066803875379264,200
virtuoso,100M,C2,rdf,P,00,4,4.026629068888724,200
virtuoso,100M,C2,rdf,P,00,5,4.021774341352284,200
