engine,size,template,scheme,mode,query_id,repetition,time,status
virtuoso,100M,C1,wikidata,R,00,1,0.07018984947353601,200
virtuoso,100M,C1,wikidata,R,00,2,0.06933050882071257,200
virtuoso,100M,C1,wikidata,R,00,3,0.07139765750616789,200
virtuoso,100M,C1,wikidata,R,00,4,0.06870167329907417,200
virtuoso,100M,C1,wikidata,R,00,5,0.07063600141555071,200
