engine,size,template,scheme,mode,query_id,repetition,time,status
virtuoso,100M,C2,rdf,B,00,1,0.12931654788553715,200
virtuoso,100M,C2,rdf,B,00,2,0.12838661391288042,200
virtuoso,100M,C2,rdf,B,00,3,0.12946257274597883,200
virtuoso,100M,C2,rdf,B,00,4,0.12828259728848934,200
virtuoso,100M,C2,rdf,B,00,5,0.12823658995330334,200
