engine,size,template,scheme,mode,query_id,repetition,time,status
virtuoso,100M,S3,rdf,R,00,1,0.16178691404638812,200
virtuoso,100M,S3,rdf,R,00,2,0.20038456399925053,200
virtuoso,100M,S3,rdf,R,00,3,0.2045916779898107,200
virtuoso,100M,S3,rdf,R,00,4,0.1588683919981122,200
virtuoso,100M,S3,rdf,R,00,5,0.2005879280040972,200
