engine,size,template,scheme,mode,query_id,repetition,time,status
virtuoso,100M,C1,rdf,B,00,1,0.09683009888976812,200
virtuoso,100M,C1,rdf,B,00,2,0.09286804776638746,200
virtuoso,100M,C1,rdf,B,00,3,0.09635112527757883,200
virtuoso,100M,C1,rdf,B,00,4,0.09469467028975487,200
virtuoso,100M,C1,rdf,B,00,5,0.09573271870613098,200
