engine,size,template,scheme,mode,query_id,repetition,time,status
virtuoso,100M,C2,wikidata,R,00,1,0.2960403822362423,200
virtuoso,100M,C2,wikidata,R,00,2,0.29259699676185846,200
virtuoso,100M,C2,wikidata,R,00,3,0.28817910235375166,200
virtuoso,100M,C2,wikidata,R,00,4,0.29349858686327934,200
virtuoso,100M,C2,wikidata,R,00,5,0.29179806914180517,200
