engine,size,template,scheme,mode,query_id,repetition,time,status
virtuoso,100M,C3,rdf,R,00,1,27.683058188995346,200
virtuoso,100M,C3,rdf,R,00,2,27.642131278989837,200
virtuoso,100M,C3,rdf,R,00,3,27.4462312280084,200
virtuoso,100M,C3,rdf,R,00,4,27.502653252042364,200
virtuoso,100M,C3,rdf,R,00,5,27.44094863795908,200
