engine,size,template,scheme,mode,query_id,repetition,time,status
virtuoso,100M,C3,rdf,P,00,1,199.82826993000344,200
virtuoso,100M,C3,rdf,P,00,2,198.6843351960124,200
virtuoso,100M,C3,rdf,P,00,3,200.25630793100572,200
virtuoso,100M,C3,rdf,P,00,4,201.6490563909756,200
virtuoso,100M,C3,rdf,P,00,5,202.30029042699607,200
